Código Ámbito,Ámbito,Código área (M49),Área,Código Elemento,Elemento,Código Producto,Producto,Código año,Año,Unidad,Valor,Símbolo,Descripción del Símbolo
"RP","Plaguicidas Uso","032","Argentina","5157","Uso Agrícola","1309","Insecticidas","1990","1990","toneladas","3503","F","Estimación FAO"
"RP","Plaguicidas Uso","032","Argentina","5157","Uso Agrícola","1309","Insecticidas","1991","1991","toneladas","3503","F","Estimación FAO"
"RP","Plaguicidas Uso","032","Argentina","5157","Uso Agrícola","1309","Insecticidas","1992","1992","toneladas","3503","F","Estimación FAO"
"RP","Plaguicidas Uso","032","Argentina","5157","Uso Agrícola","1309","Insecticidas","1993","1993","toneladas","3503","Qm","Datos oficiales de cuestionarios y/o fuentes nacionales y/o COMTRADE (datos proporcionados por el país)"
"RP","Plaguicidas Uso","032","Argentina","5157","Uso Agrícola","1309","Insecticidas","1994","1994","toneladas","4883","Qm","Datos oficiales de cuestionarios y/o fuentes nacionales y/o COMTRADE (datos proporcionados por el país)"
"RP","Plaguicidas Uso","032","Argentina","5157","Uso Agrícola","1309","Insecticidas","1995","1995","toneladas","6188","Qm","Datos oficiales de cuestionarios y/o fuentes nacionales y/o COMTRADE (datos proporcionados por el país)"
"RP","Plaguicidas Uso","032","Argentina","5157","Uso Agrícola","1309","Insecticidas","1996","1996","toneladas","9456","Qm","Datos oficiales de cuestionarios y/o fuentes nacionales y/o COMTRADE (datos proporcionados por el país)"
"RP","Plaguicidas Uso","032","Argentina","5157","Uso Agrícola","1309","Insecticidas","1997","1997","toneladas","12535","Qm","Datos oficiales de cuestionarios y/o fuentes nacionales y/o COMTRADE (datos proporcionados por el país)"
"RP","Plaguicidas Uso","032","Argentina","5157","Uso Agrícola","1309","Insecticidas","1998","1998","toneladas","7964","Qm","Datos oficiales de cuestionarios y/o fuentes nacionales y/o COMTRADE (datos proporcionados por el país)"
"RP","Plaguicidas Uso","032","Argentina","5157","Uso Agrícola","1309","Insecticidas","1999","1999","toneladas","7891","F","Estimación FAO"
"RP","Plaguicidas Uso","032","Argentina","5157","Uso Agrícola","1309","Insecticidas","2000","2000","toneladas","7817","F","Estimación FAO"
"RP","Plaguicidas Uso","032","Argentina","5157","Uso Agrícola","1309","Insecticidas","2001","2001","toneladas","7744","F","Estimación FAO"
"RP","Plaguicidas Uso","032","Argentina","5157","Uso Agrícola","1309","Insecticidas","2002","2002","toneladas","7670","F","Estimación FAO"
"RP","Plaguicidas Uso","032","Argentina","5157","Uso Agrícola","1309","Insecticidas","2003","2003","toneladas","7597","F","Estimación FAO"
"RP","Plaguicidas Uso","032","Argentina","5157","Uso Agrícola","1309","Insecticidas","2004","2004","toneladas","7523","F","Estimación FAO"
"RP","Plaguicidas Uso","032","Argentina","5157","Uso Agrícola","1309","Insecticidas","2005","2005","toneladas","7450","F","Estimación FAO"
"RP","Plaguicidas Uso","032","Argentina","5157","Uso Agrícola","1309","Insecticidas","2006","2006","toneladas","7376","Fc","Datos calculados"
"RP","Plaguicidas Uso","032","Argentina","5157","Uso Agrícola","1309","Insecticidas","2007","2007","toneladas","9341","Fc","Datos calculados"
"RP","Plaguicidas Uso","032","Argentina","5157","Uso Agrícola","1309","Insecticidas","2008","2008","toneladas","7381","Fc","Datos calculados"
"RP","Plaguicidas Uso","032","Argentina","5157","Uso Agrícola","1309","Insecticidas","2009","2009","toneladas","6260","Fc","Datos calculados"
"RP","Plaguicidas Uso","032","Argentina","5157","Uso Agrícola","1309","Insecticidas","2010","2010","toneladas","10470","Fc","Datos calculados"
"RP","Plaguicidas Uso","032","Argentina","5157","Uso Agrícola","1309","Insecticidas","2011","2011","toneladas","9175","Fc","Datos calculados"
"RP","Plaguicidas Uso","032","Argentina","5157","Uso Agrícola","1309","Insecticidas","2012","2012","toneladas","8757","F","Estimación FAO"
"RP","Plaguicidas Uso","032","Argentina","5157","Uso Agrícola","1309","Insecticidas","2013","2013","toneladas","8338","F","Estimación FAO"
"RP","Plaguicidas Uso","032","Argentina","5157","Uso Agrícola","1309","Insecticidas","2014","2014","toneladas","7919","Qm","Datos oficiales de cuestionarios y/o fuentes nacionales y/o COMTRADE (datos proporcionados por el país)"
"RP","Plaguicidas Uso","032","Argentina","5157","Uso Agrícola","1309","Insecticidas","2015","2015","toneladas","6525","F","Estimación FAO"
"RP","Plaguicidas Uso","032","Argentina","5157","Uso Agrícola","1309","Insecticidas","2016","2016","toneladas","5130","F","Estimación FAO"
"RP","Plaguicidas Uso","032","Argentina","5157","Uso Agrícola","1309","Insecticidas","2017","2017","toneladas","3736","Qm","Datos oficiales de cuestionarios y/o fuentes nacionales y/o COMTRADE (datos proporcionados por el país)"
"RP","Plaguicidas Uso","032","Argentina","5157","Uso Agrícola","1309","Insecticidas","2018","2018","toneladas","3747","Qm","Datos oficiales de cuestionarios y/o fuentes nacionales y/o COMTRADE (datos proporcionados por el país)"
"RP","Plaguicidas Uso","032","Argentina","5157","Uso Agrícola","1309","Insecticidas","2019","2019","toneladas","3525","Qm","Datos oficiales de cuestionarios y/o fuentes nacionales y/o COMTRADE (datos proporcionados por el país)"
"RP","Plaguicidas Uso","032","Argentina","5157","Uso Agrícola","1331","Fungicidas y bactericidas","1990","1990","toneladas","4799","F","Estimación FAO"
"RP","Plaguicidas Uso","032","Argentina","5157","Uso Agrícola","1331","Fungicidas y bactericidas","1991","1991","toneladas","4799","F","Estimación FAO"
"RP","Plaguicidas Uso","032","Argentina","5157","Uso Agrícola","1331","Fungicidas y bactericidas","1992","1992","toneladas","4799","F","Estimación FAO"
"RP","Plaguicidas Uso","032","Argentina","5157","Uso Agrícola","1331","Fungicidas y bactericidas","1993","1993","toneladas","4799","Qm","Datos oficiales de cuestionarios y/o fuentes nacionales y/o COMTRADE (datos proporcionados por el país)"
"RP","Plaguicidas Uso","032","Argentina","5157","Uso Agrícola","1331","Fungicidas y bactericidas","1994","1994","toneladas","5641","Qm","Datos oficiales de cuestionarios y/o fuentes nacionales y/o COMTRADE (datos proporcionados por el país)"
"RP","Plaguicidas Uso","032","Argentina","5157","Uso Agrícola","1331","Fungicidas y bactericidas","1995","1995","toneladas","6297","Qm","Datos oficiales de cuestionarios y/o fuentes nacionales y/o COMTRADE (datos proporcionados por el país)"
"RP","Plaguicidas Uso","032","Argentina","5157","Uso Agrícola","1331","Fungicidas y bactericidas","1996","1996","toneladas","6107","Qm","Datos oficiales de cuestionarios y/o fuentes nacionales y/o COMTRADE (datos proporcionados por el país)"
"RP","Plaguicidas Uso","032","Argentina","5157","Uso Agrícola","1331","Fungicidas y bactericidas","1997","1997","toneladas","9064","Qm","Datos oficiales de cuestionarios y/o fuentes nacionales y/o COMTRADE (datos proporcionados por el país)"
"RP","Plaguicidas Uso","032","Argentina","5157","Uso Agrícola","1331","Fungicidas y bactericidas","1998","1998","toneladas","6041","Qm","Datos oficiales de cuestionarios y/o fuentes nacionales y/o COMTRADE (datos proporcionados por el país)"
"RP","Plaguicidas Uso","032","Argentina","5157","Uso Agrícola","1331","Fungicidas y bactericidas","1999","1999","toneladas","5510","F","Estimación FAO"
"RP","Plaguicidas Uso","032","Argentina","5157","Uso Agrícola","1331","Fungicidas y bactericidas","2000","2000","toneladas","4979","F","Estimación FAO"
"RP","Plaguicidas Uso","032","Argentina","5157","Uso Agrícola","1331","Fungicidas y bactericidas","2001","2001","toneladas","4448","F","Estimación FAO"
"RP","Plaguicidas Uso","032","Argentina","5157","Uso Agrícola","1331","Fungicidas y bactericidas","2002","2002","toneladas","3918","F","Estimación FAO"
"RP","Plaguicidas Uso","032","Argentina","5157","Uso Agrícola","1331","Fungicidas y bactericidas","2003","2003","toneladas","3387","F","Estimación FAO"
"RP","Plaguicidas Uso","032","Argentina","5157","Uso Agrícola","1331","Fungicidas y bactericidas","2004","2004","toneladas","2856","F","Estimación FAO"
"RP","Plaguicidas Uso","032","Argentina","5157","Uso Agrícola","1331","Fungicidas y bactericidas","2005","2005","toneladas","2325","F","Estimación FAO"
"RP","Plaguicidas Uso","032","Argentina","5157","Uso Agrícola","1331","Fungicidas y bactericidas","2006","2006","toneladas","1794","Fc","Datos calculados"
"RP","Plaguicidas Uso","032","Argentina","5157","Uso Agrícola","1331","Fungicidas y bactericidas","2007","2007","toneladas","2486","Fc","Datos calculados"
"RP","Plaguicidas Uso","032","Argentina","5157","Uso Agrícola","1331","Fungicidas y bactericidas","2008","2008","toneladas","2661","Fc","Datos calculados"
"RP","Plaguicidas Uso","032","Argentina","5157","Uso Agrícola","1331","Fungicidas y bactericidas","2009","2009","toneladas","1985","Fc","Datos calculados"
"RP","Plaguicidas Uso","032","Argentina","5157","Uso Agrícola","1331","Fungicidas y bactericidas","2010","2010","toneladas","3731","Fc","Datos calculados"
"RP","Plaguicidas Uso","032","Argentina","5157","Uso Agrícola","1331","Fungicidas y bactericidas","2011","2011","toneladas","3853","Fc","Datos calculados"
"RP","Plaguicidas Uso","032","Argentina","5157","Uso Agrícola","1331","Fungicidas y bactericidas","2012","2012","toneladas","3887","F","Estimación FAO"
"RP","Plaguicidas Uso","032","Argentina","5157","Uso Agrícola","1331","Fungicidas y bactericidas","2013","2013","toneladas","3921","F","Estimación FAO"
"RP","Plaguicidas Uso","032","Argentina","5157","Uso Agrícola","1331","Fungicidas y bactericidas","2014","2014","toneladas","3956","Qm","Datos oficiales de cuestionarios y/o fuentes nacionales y/o COMTRADE (datos proporcionados por el país)"
"RP","Plaguicidas Uso","032","Argentina","5157","Uso Agrícola","1331","Fungicidas y bactericidas","2015","2015","toneladas","4036","F","Estimación FAO"
"RP","Plaguicidas Uso","032","Argentina","5157","Uso Agrícola","1331","Fungicidas y bactericidas","2016","2016","toneladas","4117","F","Estimación FAO"
"RP","Plaguicidas Uso","032","Argentina","5157","Uso Agrícola","1331","Fungicidas y bactericidas","2017","2017","toneladas","4198","Qm","Datos oficiales de cuestionarios y/o fuentes nacionales y/o COMTRADE (datos proporcionados por el país)"
"RP","Plaguicidas Uso","032","Argentina","5157","Uso Agrícola","1331","Fungicidas y bactericidas","2018","2018","toneladas","3427","Qm","Datos oficiales de cuestionarios y/o fuentes nacionales y/o COMTRADE (datos proporcionados por el país)"
"RP","Plaguicidas Uso","032","Argentina","5157","Uso Agrícola","1331","Fungicidas y bactericidas","2019","2019","toneladas","3596","Qm","Datos oficiales de cuestionarios y/o fuentes nacionales y/o COMTRADE (datos proporcionados por el país)"
"RP","Plaguicidas Uso","076","Brasil","5157","Uso Agrícola","1309","Insecticidas","1990","1990","toneladas","18388","Qm","Datos oficiales de cuestionarios y/o fuentes nacionales y/o COMTRADE (datos proporcionados por el país)"
"RP","Plaguicidas Uso","076","Brasil","5157","Uso Agrícola","1309","Insecticidas","1991","1991","toneladas","19557","F","Estimación FAO"
"RP","Plaguicidas Uso","076","Brasil","5157","Uso Agrícola","1309","Insecticidas","1992","1992","toneladas","20726","F","Estimación FAO"
"RP","Plaguicidas Uso","076","Brasil","5157","Uso Agrícola","1309","Insecticidas","1993","1993","toneladas","21894","F","Estimación FAO"
"RP","Plaguicidas Uso","076","Brasil","5157","Uso Agrícola","1309","Insecticidas","1994","1994","toneladas","23063","F","Estimación FAO"
"RP","Plaguicidas Uso","076","Brasil","5157","Uso Agrícola","1309","Insecticidas","1995","1995","toneladas","24232","F","Estimación FAO"
"RP","Plaguicidas Uso","076","Brasil","5157","Uso Agrícola","1309","Insecticidas","1996","1996","toneladas","25401","F","Estimación FAO"
"RP","Plaguicidas Uso","076","Brasil","5157","Uso Agrícola","1309","Insecticidas","1997","1997","toneladas","26569","F","Estimación FAO"
"RP","Plaguicidas Uso","076","Brasil","5157","Uso Agrícola","1309","Insecticidas","1998","1998","toneladas","27738","F","Estimación FAO"
"RP","Plaguicidas Uso","076","Brasil","5157","Uso Agrícola","1309","Insecticidas","1999","1999","toneladas","28907","Qm","Datos oficiales de cuestionarios y/o fuentes nacionales y/o COMTRADE (datos proporcionados por el país)"
"RP","Plaguicidas Uso","076","Brasil","5157","Uso Agrícola","1309","Insecticidas","2000","2000","toneladas","28382","Qm","Datos oficiales de cuestionarios y/o fuentes nacionales y/o COMTRADE (datos proporcionados por el país)"
"RP","Plaguicidas Uso","076","Brasil","5157","Uso Agrícola","1309","Insecticidas","2001","2001","toneladas","29799","Qm","Datos oficiales de cuestionarios y/o fuentes nacionales y/o COMTRADE (datos proporcionados por el país)"
"RP","Plaguicidas Uso","076","Brasil","5157","Uso Agrícola","1309","Insecticidas","2002","2002","toneladas","29208","Qm","Datos oficiales de cuestionarios y/o fuentes nacionales y/o COMTRADE (datos proporcionados por el país)"
"RP","Plaguicidas Uso","076","Brasil","5157","Uso Agrícola","1309","Insecticidas","2003","2003","toneladas","34049","Qm","Datos oficiales de cuestionarios y/o fuentes nacionales y/o COMTRADE (datos proporcionados por el país)"
"RP","Plaguicidas Uso","076","Brasil","5157","Uso Agrícola","1309","Insecticidas","2004","2004","toneladas","43192","Qm","Datos oficiales de cuestionarios y/o fuentes nacionales y/o COMTRADE (datos proporcionados por el país)"
"RP","Plaguicidas Uso","076","Brasil","5157","Uso Agrícola","1309","Insecticidas","2005","2005","toneladas","43763","Qm","Datos oficiales de cuestionarios y/o fuentes nacionales y/o COMTRADE (datos proporcionados por el país)"
"RP","Plaguicidas Uso","076","Brasil","5157","Uso Agrícola","1309","Insecticidas","2006","2006","toneladas","45435","Qm","Datos oficiales de cuestionarios y/o fuentes nacionales y/o COMTRADE (datos proporcionados por el país)"
"RP","Plaguicidas Uso","076","Brasil","5157","Uso Agrícola","1309","Insecticidas","2007","2007","toneladas","57421","Qm","Datos oficiales de cuestionarios y/o fuentes nacionales y/o COMTRADE (datos proporcionados por el país)"
"RP","Plaguicidas Uso","076","Brasil","5157","Uso Agrícola","1309","Insecticidas","2008","2008","toneladas","65642","Qm","Datos oficiales de cuestionarios y/o fuentes nacionales y/o COMTRADE (datos proporcionados por el país)"
"RP","Plaguicidas Uso","076","Brasil","5157","Uso Agrícola","1309","Insecticidas","2009","2009","toneladas","61180","Qm","Datos oficiales de cuestionarios y/o fuentes nacionales y/o COMTRADE (datos proporcionados por el país)"
"RP","Plaguicidas Uso","076","Brasil","5157","Uso Agrícola","1309","Insecticidas","2010","2010","toneladas","66471","Qm","Datos oficiales de cuestionarios y/o fuentes nacionales y/o COMTRADE (datos proporcionados por el país)"
"RP","Plaguicidas Uso","076","Brasil","5157","Uso Agrícola","1309","Insecticidas","2011","2011","toneladas","60614","Qm","Datos oficiales de cuestionarios y/o fuentes nacionales y/o COMTRADE (datos proporcionados por el país)"
"RP","Plaguicidas Uso","076","Brasil","5157","Uso Agrícola","1309","Insecticidas","2012","2012","toneladas","57170","Qm","Datos oficiales de cuestionarios y/o fuentes nacionales y/o COMTRADE (datos proporcionados por el país)"
"RP","Plaguicidas Uso","076","Brasil","5157","Uso Agrícola","1309","Insecticidas","2013","2013","toneladas","70424","Qm","Datos oficiales de cuestionarios y/o fuentes nacionales y/o COMTRADE (datos proporcionados por el país)"
"RP","Plaguicidas Uso","076","Brasil","5157","Uso Agrícola","1309","Insecticidas","2014","2014","toneladas","77043","Qm","Datos oficiales de cuestionarios y/o fuentes nacionales y/o COMTRADE (datos proporcionados por el país)"
"RP","Plaguicidas Uso","076","Brasil","5157","Uso Agrícola","1309","Insecticidas","2015","2015","toneladas","71663","Qm","Datos oficiales de cuestionarios y/o fuentes nacionales y/o COMTRADE (datos proporcionados por el país)"
"RP","Plaguicidas Uso","076","Brasil","5157","Uso Agrícola","1309","Insecticidas","2016","2016","toneladas","60607","Qm","Datos oficiales de cuestionarios y/o fuentes nacionales y/o COMTRADE (datos proporcionados por el país)"
"RP","Plaguicidas Uso","076","Brasil","5157","Uso Agrícola","1309","Insecticidas","2017","2017","toneladas","60607","F","Estimación FAO"
"RP","Plaguicidas Uso","076","Brasil","5157","Uso Agrícola","1309","Insecticidas","2018","2018","toneladas","60607","F","Estimación FAO"
"RP","Plaguicidas Uso","076","Brasil","5157","Uso Agrícola","1309","Insecticidas","2019","2019","toneladas","60607","F","Estimación FAO"
"RP","Plaguicidas Uso","076","Brasil","5157","Uso Agrícola","1331","Fungicidas y bactericidas","1990","1990","toneladas","8404","Qm","Datos oficiales de cuestionarios y/o fuentes nacionales y/o COMTRADE (datos proporcionados por el país)"
"RP","Plaguicidas Uso","076","Brasil","5157","Uso Agrícola","1331","Fungicidas y bactericidas","1991","1991","toneladas","9711","F","Estimación FAO"
"RP","Plaguicidas Uso","076","Brasil","5157","Uso Agrícola","1331","Fungicidas y bactericidas","1992","1992","toneladas","11018","F","Estimación FAO"
"RP","Plaguicidas Uso","076","Brasil","5157","Uso Agrícola","1331","Fungicidas y bactericidas","1993","1993","toneladas","12325","F","Estimación FAO"
"RP","Plaguicidas Uso","076","Brasil","5157","Uso Agrícola","1331","Fungicidas y bactericidas","1994","1994","toneladas","13632","F","Estimación FAO"
"RP","Plaguicidas Uso","076","Brasil","5157","Uso Agrícola","1331","Fungicidas y bactericidas","1995","1995","toneladas","14940","F","Estimación FAO"
"RP","Plaguicidas Uso","076","Brasil","5157","Uso Agrícola","1331","Fungicidas y bactericidas","1996","1996","toneladas","16247","F","Estimación FAO"
"RP","Plaguicidas Uso","076","Brasil","5157","Uso Agrícola","1331","Fungicidas y bactericidas","1997","1997","toneladas","17554","F","Estimación FAO"
"RP","Plaguicidas Uso","076","Brasil","5157","Uso Agrícola","1331","Fungicidas y bactericidas","1998","1998","toneladas","18861","F","Estimación FAO"
"RP","Plaguicidas Uso","076","Brasil","5157","Uso Agrícola","1331","Fungicidas y bactericidas","1999","1999","toneladas","20168","Qm","Datos oficiales de cuestionarios y/o fuentes nacionales y/o COMTRADE (datos proporcionados por el país)"
"RP","Plaguicidas Uso","076","Brasil","5157","Uso Agrícola","1331","Fungicidas y bactericidas","2000","2000","toneladas","19072","Qm","Datos oficiales de cuestionarios y/o fuentes nacionales y/o COMTRADE (datos proporcionados por el país)"
"RP","Plaguicidas Uso","076","Brasil","5157","Uso Agrícola","1331","Fungicidas y bactericidas","2001","2001","toneladas","18607","Qm","Datos oficiales de cuestionarios y/o fuentes nacionales y/o COMTRADE (datos proporcionados por el país)"
"RP","Plaguicidas Uso","076","Brasil","5157","Uso Agrícola","1331","Fungicidas y bactericidas","2002","2002","toneladas","17262","Qm","Datos oficiales de cuestionarios y/o fuentes nacionales y/o COMTRADE (datos proporcionados por el país)"
"RP","Plaguicidas Uso","076","Brasil","5157","Uso Agrícola","1331","Fungicidas y bactericidas","2003","2003","toneladas","19363","Qm","Datos oficiales de cuestionarios y/o fuentes nacionales y/o COMTRADE (datos proporcionados por el país)"
"RP","Plaguicidas Uso","076","Brasil","5157","Uso Agrícola","1331","Fungicidas y bactericidas","2004","2004","toneladas","25631","Qm","Datos oficiales de cuestionarios y/o fuentes nacionales y/o COMTRADE (datos proporcionados por el país)"
"RP","Plaguicidas Uso","076","Brasil","5157","Uso Agrícola","1331","Fungicidas y bactericidas","2005","2005","toneladas","26999","Qm","Datos oficiales de cuestionarios y/o fuentes nacionales y/o COMTRADE (datos proporcionados por el país)"
"RP","Plaguicidas Uso","076","Brasil","5157","Uso Agrícola","1331","Fungicidas y bactericidas","2006","2006","toneladas","24707","Qm","Datos oficiales de cuestionarios y/o fuentes nacionales y/o COMTRADE (datos proporcionados por el país)"
"RP","Plaguicidas Uso","076","Brasil","5157","Uso Agrícola","1331","Fungicidas y bactericidas","2007","2007","toneladas","27734","Qm","Datos oficiales de cuestionarios y/o fuentes nacionales y/o COMTRADE (datos proporcionados por el país)"
"RP","Plaguicidas Uso","076","Brasil","5157","Uso Agrícola","1331","Fungicidas y bactericidas","2008","2008","toneladas","32881","Qm","Datos oficiales de cuestionarios y/o fuentes nacionales y/o COMTRADE (datos proporcionados por el país)"
"RP","Plaguicidas Uso","076","Brasil","5157","Uso Agrícola","1331","Fungicidas y bactericidas","2009","2009","toneladas","37934","Qm","Datos oficiales de cuestionarios y/o fuentes nacionales y/o COMTRADE (datos proporcionados por el país)"
"RP","Plaguicidas Uso","076","Brasil","5157","Uso Agrícola","1331","Fungicidas y bactericidas","2010","2010","toneladas","55583","Qm","Datos oficiales de cuestionarios y/o fuentes nacionales y/o COMTRADE (datos proporcionados por el país)"
"RP","Plaguicidas Uso","076","Brasil","5157","Uso Agrícola","1331","Fungicidas y bactericidas","2011","2011","toneladas","56253","Qm","Datos oficiales de cuestionarios y/o fuentes nacionales y/o COMTRADE (datos proporcionados por el país)"
"RP","Plaguicidas Uso","076","Brasil","5157","Uso Agrícola","1331","Fungicidas y bactericidas","2012","2012","toneladas","37381","Qm","Datos oficiales de cuestionarios y/o fuentes nacionales y/o COMTRADE (datos proporcionados por el país)"
"RP","Plaguicidas Uso","076","Brasil","5157","Uso Agrícola","1331","Fungicidas y bactericidas","2013","2013","toneladas","44310","Qm","Datos oficiales de cuestionarios y/o fuentes nacionales y/o COMTRADE (datos proporcionados por el país)"
"RP","Plaguicidas Uso","076","Brasil","5157","Uso Agrícola","1331","Fungicidas y bactericidas","2014","2014","toneladas","36328","Qm","Datos oficiales de cuestionarios y/o fuentes nacionales y/o COMTRADE (datos proporcionados por el país)"
"RP","Plaguicidas Uso","076","Brasil","5157","Uso Agrícola","1331","Fungicidas y bactericidas","2015","2015","toneladas","66051","Qm","Datos oficiales de cuestionarios y/o fuentes nacionales y/o COMTRADE (datos proporcionados por el país)"
"RP","Plaguicidas Uso","076","Brasil","5157","Uso Agrícola","1331","Fungicidas y bactericidas","2016","2016","toneladas","59124","Qm","Datos oficiales de cuestionarios y/o fuentes nacionales y/o COMTRADE (datos proporcionados por el país)"
"RP","Plaguicidas Uso","076","Brasil","5157","Uso Agrícola","1331","Fungicidas y bactericidas","2017","2017","toneladas","59124","F","Estimación FAO"
"RP","Plaguicidas Uso","076","Brasil","5157","Uso Agrícola","1331","Fungicidas y bactericidas","2018","2018","toneladas","59124","F","Estimación FAO"
"RP","Plaguicidas Uso","076","Brasil","5157","Uso Agrícola","1331","Fungicidas y bactericidas","2019","2019","toneladas","59124","F","Estimación FAO"
"RP","Plaguicidas Uso","840","Estados Unidos de América","5157","Uso Agrícola","1309","Insecticidas","1990","1990","toneladas","86182","Qm","Datos oficiales de cuestionarios y/o fuentes nacionales y/o COMTRADE (datos proporcionados por el país)"
"RP","Plaguicidas Uso","840","Estados Unidos de América","5157","Uso Agrícola","1309","Insecticidas","1991","1991","toneladas","88904","Qm","Datos oficiales de cuestionarios y/o fuentes nacionales y/o COMTRADE (datos proporcionados por el país)"
"RP","Plaguicidas Uso","840","Estados Unidos de América","5157","Uso Agrícola","1309","Insecticidas","1992","1992","toneladas","92079","Qm","Datos oficiales de cuestionarios y/o fuentes nacionales y/o COMTRADE (datos proporcionados por el país)"
"RP","Plaguicidas Uso","840","Estados Unidos de América","5157","Uso Agrícola","1309","Insecticidas","1993","1993","toneladas","91172","Qm","Datos oficiales de cuestionarios y/o fuentes nacionales y/o COMTRADE (datos proporcionados por el país)"
"RP","Plaguicidas Uso","840","Estados Unidos de América","5157","Uso Agrícola","1309","Insecticidas","1994","1994","toneladas","98883","Qm","Datos oficiales de cuestionarios y/o fuentes nacionales y/o COMTRADE (datos proporcionados por el país)"
"RP","Plaguicidas Uso","840","Estados Unidos de América","5157","Uso Agrícola","1309","Insecticidas","1995","1995","toneladas","104326","Qm","Datos oficiales de cuestionarios y/o fuentes nacionales y/o COMTRADE (datos proporcionados por el país)"
"RP","Plaguicidas Uso","840","Estados Unidos de América","5157","Uso Agrícola","1309","Insecticidas","1996","1996","toneladas","111584","Qm","Datos oficiales de cuestionarios y/o fuentes nacionales y/o COMTRADE (datos proporcionados por el país)"
"RP","Plaguicidas Uso","840","Estados Unidos de América","5157","Uso Agrícola","1309","Insecticidas","1997","1997","toneladas","100697","Qm","Datos oficiales de cuestionarios y/o fuentes nacionales y/o COMTRADE (datos proporcionados por el país)"
"RP","Plaguicidas Uso","840","Estados Unidos de América","5157","Uso Agrícola","1309","Insecticidas","1998","1998","toneladas","81647","Qm","Datos oficiales de cuestionarios y/o fuentes nacionales y/o COMTRADE (datos proporcionados por el país)"
"RP","Plaguicidas Uso","840","Estados Unidos de América","5157","Uso Agrícola","1309","Insecticidas","1999","1999","toneladas","94347","Qm","Datos oficiales de cuestionarios y/o fuentes nacionales y/o COMTRADE (datos proporcionados por el país)"
"RP","Plaguicidas Uso","840","Estados Unidos de América","5157","Uso Agrícola","1309","Insecticidas","2000","2000","toneladas","100244","Qm","Datos oficiales de cuestionarios y/o fuentes nacionales y/o COMTRADE (datos proporcionados por el país)"
"RP","Plaguicidas Uso","840","Estados Unidos de América","5157","Uso Agrícola","1309","Insecticidas","2001","2001","toneladas","79379","Qm","Datos oficiales de cuestionarios y/o fuentes nacionales y/o COMTRADE (datos proporcionados por el país)"
"RP","Plaguicidas Uso","840","Estados Unidos de América","5157","Uso Agrícola","1309","Insecticidas","2002","2002","toneladas","90265","Qm","Datos oficiales de cuestionarios y/o fuentes nacionales y/o COMTRADE (datos proporcionados por el país)"
"RP","Plaguicidas Uso","840","Estados Unidos de América","5157","Uso Agrícola","1309","Insecticidas","2003","2003","toneladas","79379","Qm","Datos oficiales de cuestionarios y/o fuentes nacionales y/o COMTRADE (datos proporcionados por el país)"
"RP","Plaguicidas Uso","840","Estados Unidos de América","5157","Uso Agrícola","1309","Insecticidas","2004","2004","toneladas","91626","Qm","Datos oficiales de cuestionarios y/o fuentes nacionales y/o COMTRADE (datos proporcionados por el país)"
"RP","Plaguicidas Uso","840","Estados Unidos de América","5157","Uso Agrícola","1309","Insecticidas","2005","2005","toneladas","61689","F","Estimación FAO"
"RP","Plaguicidas Uso","840","Estados Unidos de América","5157","Uso Agrícola","1309","Insecticidas","2006","2006","toneladas","74843","Qm","Datos oficiales de cuestionarios y/o fuentes nacionales y/o COMTRADE (datos proporcionados por el país)"
"RP","Plaguicidas Uso","840","Estados Unidos de América","5157","Uso Agrícola","1309","Insecticidas","2007","2007","toneladas","78471","Qm","Datos oficiales de cuestionarios y/o fuentes nacionales y/o COMTRADE (datos proporcionados por el país)"
"RP","Plaguicidas Uso","840","Estados Unidos de América","5157","Uso Agrícola","1309","Insecticidas","2008","2008","toneladas","70760","F","Estimación FAO"
"RP","Plaguicidas Uso","840","Estados Unidos de América","5157","Uso Agrícola","1309","Insecticidas","2009","2009","toneladas","63049","Qm","Datos oficiales de cuestionarios y/o fuentes nacionales y/o COMTRADE (datos proporcionados por el país)"
"RP","Plaguicidas Uso","840","Estados Unidos de América","5157","Uso Agrícola","1309","Insecticidas","2010","2010","toneladas","63956","F","Estimación FAO"
"RP","Plaguicidas Uso","840","Estados Unidos de América","5157","Uso Agrícola","1309","Insecticidas","2011","2011","toneladas","64864","F","Estimación FAO"
"RP","Plaguicidas Uso","840","Estados Unidos de América","5157","Uso Agrícola","1309","Insecticidas","2012","2012","toneladas","65771","Qm","Datos oficiales de cuestionarios y/o fuentes nacionales y/o COMTRADE (datos proporcionados por el país)"
"RP","Plaguicidas Uso","840","Estados Unidos de América","5157","Uso Agrícola","1309","Insecticidas","2013","2013","toneladas","65771","F","Estimación FAO"
"RP","Plaguicidas Uso","840","Estados Unidos de América","5157","Uso Agrícola","1309","Insecticidas","2014","2014","toneladas","65771","F","Estimación FAO"
"RP","Plaguicidas Uso","840","Estados Unidos de América","5157","Uso Agrícola","1309","Insecticidas","2015","2015","toneladas","65771","F","Estimación FAO"
"RP","Plaguicidas Uso","840","Estados Unidos de América","5157","Uso Agrícola","1309","Insecticidas","2016","2016","toneladas","65771","F","Estimación FAO"
"RP","Plaguicidas Uso","840","Estados Unidos de América","5157","Uso Agrícola","1309","Insecticidas","2017","2017","toneladas","65771","F","Estimación FAO"
"RP","Plaguicidas Uso","840","Estados Unidos de América","5157","Uso Agrícola","1309","Insecticidas","2018","2018","toneladas","65771","F","Estimación FAO"
"RP","Plaguicidas Uso","840","Estados Unidos de América","5157","Uso Agrícola","1309","Insecticidas","2019","2019","toneladas","65771","F","Estimación FAO"
"RP","Plaguicidas Uso","840","Estados Unidos de América","5157","Uso Agrícola","1331","Fungicidas y bactericidas","1990","1990","toneladas","22680","Qm","Datos oficiales de cuestionarios y/o fuentes nacionales y/o COMTRADE (datos proporcionados por el país)"
"RP","Plaguicidas Uso","840","Estados Unidos de América","5157","Uso Agrícola","1331","Fungicidas y bactericidas","1991","1991","toneladas","21319","Qm","Datos oficiales de cuestionarios y/o fuentes nacionales y/o COMTRADE (datos proporcionados por el país)"
"RP","Plaguicidas Uso","840","Estados Unidos de América","5157","Uso Agrícola","1331","Fungicidas y bactericidas","1992","1992","toneladas","20412","Qm","Datos oficiales de cuestionarios y/o fuentes nacionales y/o COMTRADE (datos proporcionados por el país)"
"RP","Plaguicidas Uso","840","Estados Unidos de América","5157","Uso Agrícola","1331","Fungicidas y bactericidas","1993","1993","toneladas","21319","Qm","Datos oficiales de cuestionarios y/o fuentes nacionales y/o COMTRADE (datos proporcionados por el país)"
"RP","Plaguicidas Uso","840","Estados Unidos de América","5157","Uso Agrícola","1331","Fungicidas y bactericidas","1994","1994","toneladas","21772","Qm","Datos oficiales de cuestionarios y/o fuentes nacionales y/o COMTRADE (datos proporcionados por el país)"
"RP","Plaguicidas Uso","840","Estados Unidos de América","5157","Uso Agrícola","1331","Fungicidas y bactericidas","1995","1995","toneladas","22226","Qm","Datos oficiales de cuestionarios y/o fuentes nacionales y/o COMTRADE (datos proporcionados por el país)"
"RP","Plaguicidas Uso","840","Estados Unidos de América","5157","Uso Agrícola","1331","Fungicidas y bactericidas","1996","1996","toneladas","23133","Qm","Datos oficiales de cuestionarios y/o fuentes nacionales y/o COMTRADE (datos proporcionados por el país)"
"RP","Plaguicidas Uso","840","Estados Unidos de América","5157","Uso Agrícola","1331","Fungicidas y bactericidas","1997","1997","toneladas","24040","Qm","Datos oficiales de cuestionarios y/o fuentes nacionales y/o COMTRADE (datos proporcionados por el país)"
"RP","Plaguicidas Uso","840","Estados Unidos de América","5157","Uso Agrícola","1331","Fungicidas y bactericidas","1998","1998","toneladas","24494","Qm","Datos oficiales de cuestionarios y/o fuentes nacionales y/o COMTRADE (datos proporcionados por el país)"
"RP","Plaguicidas Uso","840","Estados Unidos de América","5157","Uso Agrícola","1331","Fungicidas y bactericidas","1999","1999","toneladas","20412","Qm","Datos oficiales de cuestionarios y/o fuentes nacionales y/o COMTRADE (datos proporcionados por el país)"
"RP","Plaguicidas Uso","840","Estados Unidos de América","5157","Uso Agrícola","1331","Fungicidas y bactericidas","2000","2000","toneladas","19958","Qm","Datos oficiales de cuestionarios y/o fuentes nacionales y/o COMTRADE (datos proporcionados por el país)"
"RP","Plaguicidas Uso","840","Estados Unidos de América","5157","Uso Agrícola","1331","Fungicidas y bactericidas","2001","2001","toneladas","19051","Qm","Datos oficiales de cuestionarios y/o fuentes nacionales y/o COMTRADE (datos proporcionados por el país)"
"RP","Plaguicidas Uso","840","Estados Unidos de América","5157","Uso Agrícola","1331","Fungicidas y bactericidas","2002","2002","toneladas","18144","Qm","Datos oficiales de cuestionarios y/o fuentes nacionales y/o COMTRADE (datos proporcionados por el país)"
"RP","Plaguicidas Uso","840","Estados Unidos de América","5157","Uso Agrícola","1331","Fungicidas y bactericidas","2003","2003","toneladas","19504","Qm","Datos oficiales de cuestionarios y/o fuentes nacionales y/o COMTRADE (datos proporcionados por el país)"
"RP","Plaguicidas Uso","840","Estados Unidos de América","5157","Uso Agrícola","1331","Fungicidas y bactericidas","2004","2004","toneladas","19504","Qm","Datos oficiales de cuestionarios y/o fuentes nacionales y/o COMTRADE (datos proporcionados por el país)"
"RP","Plaguicidas Uso","840","Estados Unidos de América","5157","Uso Agrícola","1331","Fungicidas y bactericidas","2005","2005","toneladas","22680","Qm","Datos oficiales de cuestionarios y/o fuentes nacionales y/o COMTRADE (datos proporcionados por el país)"
"RP","Plaguicidas Uso","840","Estados Unidos de América","5157","Uso Agrícola","1331","Fungicidas y bactericidas","2006","2006","toneladas","20865","Qm","Datos oficiales de cuestionarios y/o fuentes nacionales y/o COMTRADE (datos proporcionados por el país)"
"RP","Plaguicidas Uso","840","Estados Unidos de América","5157","Uso Agrícola","1331","Fungicidas y bactericidas","2007","2007","toneladas","21319","Qm","Datos oficiales de cuestionarios y/o fuentes nacionales y/o COMTRADE (datos proporcionados por el país)"
"RP","Plaguicidas Uso","840","Estados Unidos de América","5157","Uso Agrícola","1331","Fungicidas y bactericidas","2008","2008","toneladas","21092","F","Estimación FAO"
"RP","Plaguicidas Uso","840","Estados Unidos de América","5157","Uso Agrícola","1331","Fungicidas y bactericidas","2009","2009","toneladas","20865","Qm","Datos oficiales de cuestionarios y/o fuentes nacionales y/o COMTRADE (datos proporcionados por el país)"
"RP","Plaguicidas Uso","840","Estados Unidos de América","5157","Uso Agrícola","1331","Fungicidas y bactericidas","2010","2010","toneladas","21924","F","Estimación FAO"
"RP","Plaguicidas Uso","840","Estados Unidos de América","5157","Uso Agrícola","1331","Fungicidas y bactericidas","2011","2011","toneladas","22982","F","Estimación FAO"
"RP","Plaguicidas Uso","840","Estados Unidos de América","5157","Uso Agrícola","1331","Fungicidas y bactericidas","2012","2012","toneladas","24040","Qm","Datos oficiales de cuestionarios y/o fuentes nacionales y/o COMTRADE (datos proporcionados por el país)"
"RP","Plaguicidas Uso","840","Estados Unidos de América","5157","Uso Agrícola","1331","Fungicidas y bactericidas","2013","2013","toneladas","24040","F","Estimación FAO"
"RP","Plaguicidas Uso","840","Estados Unidos de América","5157","Uso Agrícola","1331","Fungicidas y bactericidas","2014","2014","toneladas","24040","F","Estimación FAO"
"RP","Plaguicidas Uso","840","Estados Unidos de América","5157","Uso Agrícola","1331","Fungicidas y bactericidas","2015","2015","toneladas","24040","F","Estimación FAO"
"RP","Plaguicidas Uso","840","Estados Unidos de América","5157","Uso Agrícola","1331","Fungicidas y bactericidas","2016","2016","toneladas","24040","F","Estimación FAO"
"RP","Plaguicidas Uso","840","Estados Unidos de América","5157","Uso Agrícola","1331","Fungicidas y bactericidas","2017","2017","toneladas","24040","F","Estimación FAO"
"RP","Plaguicidas Uso","840","Estados Unidos de América","5157","Uso Agrícola","1331","Fungicidas y bactericidas","2018","2018","toneladas","24040","F","Estimación FAO"
"RP","Plaguicidas Uso","840","Estados Unidos de América","5157","Uso Agrícola","1331","Fungicidas y bactericidas","2019","2019","toneladas","24040","F","Estimación FAO"
"RP","Plaguicidas Uso","250","Francia","5157","Uso Agrícola","1309","Insecticidas","1990","1990","toneladas","11039","Qm","Datos oficiales de cuestionarios y/o fuentes nacionales y/o COMTRADE (datos proporcionados por el país)"
"RP","Plaguicidas Uso","250","Francia","5157","Uso Agrícola","1309","Insecticidas","1991","1991","toneladas","10673","Qm","Datos oficiales de cuestionarios y/o fuentes nacionales y/o COMTRADE (datos proporcionados por el país)"
"RP","Plaguicidas Uso","250","Francia","5157","Uso Agrícola","1309","Insecticidas","1992","1992","toneladas","6110","Qm","Datos oficiales de cuestionarios y/o fuentes nacionales y/o COMTRADE (datos proporcionados por el país)"
"RP","Plaguicidas Uso","250","Francia","5157","Uso Agrícola","1309","Insecticidas","1993","1993","toneladas","5408","Qm","Datos oficiales de cuestionarios y/o fuentes nacionales y/o COMTRADE (datos proporcionados por el país)"
"RP","Plaguicidas Uso","250","Francia","5157","Uso Agrícola","1309","Insecticidas","1994","1994","toneladas","4558","Qm","Datos oficiales de cuestionarios y/o fuentes nacionales y/o COMTRADE (datos proporcionados por el país)"
"RP","Plaguicidas Uso","250","Francia","5157","Uso Agrícola","1309","Insecticidas","1995","1995","toneladas","8848","Qm","Datos oficiales de cuestionarios y/o fuentes nacionales y/o COMTRADE (datos proporcionados por el país)"
"RP","Plaguicidas Uso","250","Francia","5157","Uso Agrícola","1309","Insecticidas","1996","1996","toneladas","7603","Qm","Datos oficiales de cuestionarios y/o fuentes nacionales y/o COMTRADE (datos proporcionados por el país)"
"RP","Plaguicidas Uso","250","Francia","5157","Uso Agrícola","1309","Insecticidas","1997","1997","toneladas","6074","Qm","Datos oficiales de cuestionarios y/o fuentes nacionales y/o COMTRADE (datos proporcionados por el país)"
"RP","Plaguicidas Uso","250","Francia","5157","Uso Agrícola","1309","Insecticidas","1998","1998","toneladas","4672","Qm","Datos oficiales de cuestionarios y/o fuentes nacionales y/o COMTRADE (datos proporcionados por el país)"
"RP","Plaguicidas Uso","250","Francia","5157","Uso Agrícola","1309","Insecticidas","1999","1999","toneladas","3250","Qm","Datos oficiales de cuestionarios y/o fuentes nacionales y/o COMTRADE (datos proporcionados por el país)"
"RP","Plaguicidas Uso","250","Francia","5157","Uso Agrícola","1309","Insecticidas","2000","2000","toneladas","3103","Qm","Datos oficiales de cuestionarios y/o fuentes nacionales y/o COMTRADE (datos proporcionados por el país)"
"RP","Plaguicidas Uso","250","Francia","5157","Uso Agrícola","1309","Insecticidas","2001","2001","toneladas","2488","Qm","Datos oficiales de cuestionarios y/o fuentes nacionales y/o COMTRADE (datos proporcionados por el país)"
"RP","Plaguicidas Uso","250","Francia","5157","Uso Agrícola","1309","Insecticidas","2002","2002","toneladas","2308","Qm","Datos oficiales de cuestionarios y/o fuentes nacionales y/o COMTRADE (datos proporcionados por el país)"
"RP","Plaguicidas Uso","250","Francia","5157","Uso Agrícola","1309","Insecticidas","2003","2003","toneladas","2224","Qm","Datos oficiales de cuestionarios y/o fuentes nacionales y/o COMTRADE (datos proporcionados por el país)"
"RP","Plaguicidas Uso","250","Francia","5157","Uso Agrícola","1309","Insecticidas","2004","2004","toneladas","2460","Qm","Datos oficiales de cuestionarios y/o fuentes nacionales y/o COMTRADE (datos proporcionados por el país)"
"RP","Plaguicidas Uso","250","Francia","5157","Uso Agrícola","1309","Insecticidas","2005","2005","toneladas","2506","Qm","Datos oficiales de cuestionarios y/o fuentes nacionales y/o COMTRADE (datos proporcionados por el país)"
"RP","Plaguicidas Uso","250","Francia","5157","Uso Agrícola","1309","Insecticidas","2006","2006","toneladas","2140","Qm","Datos oficiales de cuestionarios y/o fuentes nacionales y/o COMTRADE (datos proporcionados por el país)"
"RP","Plaguicidas Uso","250","Francia","5157","Uso Agrícola","1309","Insecticidas","2007","2007","toneladas","2101","Qm","Datos oficiales de cuestionarios y/o fuentes nacionales y/o COMTRADE (datos proporcionados por el país)"
"RP","Plaguicidas Uso","250","Francia","5157","Uso Agrícola","1309","Insecticidas","2008","2008","toneladas","1254","Qm","Datos oficiales de cuestionarios y/o fuentes nacionales y/o COMTRADE (datos proporcionados por el país)"
"RP","Plaguicidas Uso","250","Francia","5157","Uso Agrícola","1309","Insecticidas","2009","2009","toneladas","1121","Qm","Datos oficiales de cuestionarios y/o fuentes nacionales y/o COMTRADE (datos proporcionados por el país)"
"RP","Plaguicidas Uso","250","Francia","5157","Uso Agrícola","1309","Insecticidas","2010","2010","toneladas","1033","Qm","Datos oficiales de cuestionarios y/o fuentes nacionales y/o COMTRADE (datos proporcionados por el país)"
"RP","Plaguicidas Uso","250","Francia","5157","Uso Agrícola","1309","Insecticidas","2011","2011","toneladas","2486","Qm","Datos oficiales de cuestionarios y/o fuentes nacionales y/o COMTRADE (datos proporcionados por el país)"
"RP","Plaguicidas Uso","250","Francia","5157","Uso Agrícola","1309","Insecticidas","2012","2012","toneladas","2897","Qm","Datos oficiales de cuestionarios y/o fuentes nacionales y/o COMTRADE (datos proporcionados por el país)"
"RP","Plaguicidas Uso","250","Francia","5157","Uso Agrícola","1309","Insecticidas","2013","2013","toneladas","3318","Qm","Datos oficiales de cuestionarios y/o fuentes nacionales y/o COMTRADE (datos proporcionados por el país)"
"RP","Plaguicidas Uso","250","Francia","5157","Uso Agrícola","1309","Insecticidas","2014","2014","toneladas","3484","Qm","Datos oficiales de cuestionarios y/o fuentes nacionales y/o COMTRADE (datos proporcionados por el país)"
"RP","Plaguicidas Uso","250","Francia","5157","Uso Agrícola","1309","Insecticidas","2015","2015","toneladas","3324","Qm","Datos oficiales de cuestionarios y/o fuentes nacionales y/o COMTRADE (datos proporcionados por el país)"
"RP","Plaguicidas Uso","250","Francia","5157","Uso Agrícola","1309","Insecticidas","2016","2016","toneladas","4461","Qm","Datos oficiales de cuestionarios y/o fuentes nacionales y/o COMTRADE (datos proporcionados por el país)"
"RP","Plaguicidas Uso","250","Francia","5157","Uso Agrícola","1309","Insecticidas","2017","2017","toneladas","4506","Qm","Datos oficiales de cuestionarios y/o fuentes nacionales y/o COMTRADE (datos proporcionados por el país)"
"RP","Plaguicidas Uso","250","Francia","5157","Uso Agrícola","1309","Insecticidas","2018","2018","toneladas","6180","Qm","Datos oficiales de cuestionarios y/o fuentes nacionales y/o COMTRADE (datos proporcionados por el país)"
"RP","Plaguicidas Uso","250","Francia","5157","Uso Agrícola","1309","Insecticidas","2019","2019","toneladas","6180","F","Estimación FAO"
"RP","Plaguicidas Uso","250","Francia","5157","Uso Agrícola","1331","Fungicidas y bactericidas","1990","1990","toneladas","41514","Qm","Datos oficiales de cuestionarios y/o fuentes nacionales y/o COMTRADE (datos proporcionados por el país)"
"RP","Plaguicidas Uso","250","Francia","5157","Uso Agrícola","1331","Fungicidas y bactericidas","1991","1991","toneladas","55565","Qm","Datos oficiales de cuestionarios y/o fuentes nacionales y/o COMTRADE (datos proporcionados por el país)"
"RP","Plaguicidas Uso","250","Francia","5157","Uso Agrícola","1331","Fungicidas y bactericidas","1992","1992","toneladas","44786","Qm","Datos oficiales de cuestionarios y/o fuentes nacionales y/o COMTRADE (datos proporcionados por el país)"
"RP","Plaguicidas Uso","250","Francia","5157","Uso Agrícola","1331","Fungicidas y bactericidas","1993","1993","toneladas","54254","Qm","Datos oficiales de cuestionarios y/o fuentes nacionales y/o COMTRADE (datos proporcionados por el país)"
"RP","Plaguicidas Uso","250","Francia","5157","Uso Agrícola","1331","Fungicidas y bactericidas","1994","1994","toneladas","49399","Qm","Datos oficiales de cuestionarios y/o fuentes nacionales y/o COMTRADE (datos proporcionados por el país)"
"RP","Plaguicidas Uso","250","Francia","5157","Uso Agrícola","1331","Fungicidas y bactericidas","1995","1995","toneladas","42579","Qm","Datos oficiales de cuestionarios y/o fuentes nacionales y/o COMTRADE (datos proporcionados por el país)"
"RP","Plaguicidas Uso","250","Francia","5157","Uso Agrícola","1331","Fungicidas y bactericidas","1996","1996","toneladas","48624","Qm","Datos oficiales de cuestionarios y/o fuentes nacionales y/o COMTRADE (datos proporcionados por el país)"
"RP","Plaguicidas Uso","250","Francia","5157","Uso Agrícola","1331","Fungicidas y bactericidas","1997","1997","toneladas","64050","Qm","Datos oficiales de cuestionarios y/o fuentes nacionales y/o COMTRADE (datos proporcionados por el país)"
"RP","Plaguicidas Uso","250","Francia","5157","Uso Agrícola","1331","Fungicidas y bactericidas","1998","1998","toneladas","58807","Qm","Datos oficiales de cuestionarios y/o fuentes nacionales y/o COMTRADE (datos proporcionados por el país)"
"RP","Plaguicidas Uso","250","Francia","5157","Uso Agrícola","1331","Fungicidas y bactericidas","1999","1999","toneladas","61345","Qm","Datos oficiales de cuestionarios y/o fuentes nacionales y/o COMTRADE (datos proporcionados por el país)"
"RP","Plaguicidas Uso","250","Francia","5157","Uso Agrícola","1331","Fungicidas y bactericidas","2000","2000","toneladas","52834","Qm","Datos oficiales de cuestionarios y/o fuentes nacionales y/o COMTRADE (datos proporcionados por el país)"
"RP","Plaguicidas Uso","250","Francia","5157","Uso Agrícola","1331","Fungicidas y bactericidas","2001","2001","toneladas","54130","Qm","Datos oficiales de cuestionarios y/o fuentes nacionales y/o COMTRADE (datos proporcionados por el país)"
"RP","Plaguicidas Uso","250","Francia","5157","Uso Agrícola","1331","Fungicidas y bactericidas","2002","2002","toneladas","43351","Qm","Datos oficiales de cuestionarios y/o fuentes nacionales y/o COMTRADE (datos proporcionados por el país)"
"RP","Plaguicidas Uso","250","Francia","5157","Uso Agrícola","1331","Fungicidas y bactericidas","2003","2003","toneladas","39317","Qm","Datos oficiales de cuestionarios y/o fuentes nacionales y/o COMTRADE (datos proporcionados por el país)"
"RP","Plaguicidas Uso","250","Francia","5157","Uso Agrícola","1331","Fungicidas y bactericidas","2004","2004","toneladas","37175","Qm","Datos oficiales de cuestionarios y/o fuentes nacionales y/o COMTRADE (datos proporcionados por el país)"
"RP","Plaguicidas Uso","250","Francia","5157","Uso Agrícola","1331","Fungicidas y bactericidas","2005","2005","toneladas","35921","Qm","Datos oficiales de cuestionarios y/o fuentes nacionales y/o COMTRADE (datos proporcionados por el país)"
"RP","Plaguicidas Uso","250","Francia","5157","Uso Agrícola","1331","Fungicidas y bactericidas","2006","2006","toneladas","35957","Qm","Datos oficiales de cuestionarios y/o fuentes nacionales y/o COMTRADE (datos proporcionados por el país)"
"RP","Plaguicidas Uso","250","Francia","5157","Uso Agrícola","1331","Fungicidas y bactericidas","2007","2007","toneladas","36919","Qm","Datos oficiales de cuestionarios y/o fuentes nacionales y/o COMTRADE (datos proporcionados por el país)"
"RP","Plaguicidas Uso","250","Francia","5157","Uso Agrícola","1331","Fungicidas y bactericidas","2008","2008","toneladas","39163","Qm","Datos oficiales de cuestionarios y/o fuentes nacionales y/o COMTRADE (datos proporcionados por el país)"
"RP","Plaguicidas Uso","250","Francia","5157","Uso Agrícola","1331","Fungicidas y bactericidas","2009","2009","toneladas","32520","Qm","Datos oficiales de cuestionarios y/o fuentes nacionales y/o COMTRADE (datos proporcionados por el país)"
"RP","Plaguicidas Uso","250","Francia","5157","Uso Agrícola","1331","Fungicidas y bactericidas","2010","2010","toneladas","29828","Qm","Datos oficiales de cuestionarios y/o fuentes nacionales y/o COMTRADE (datos proporcionados por el país)"
"RP","Plaguicidas Uso","250","Francia","5157","Uso Agrícola","1331","Fungicidas y bactericidas","2011","2011","toneladas","24532","Qm","Datos oficiales de cuestionarios y/o fuentes nacionales y/o COMTRADE (datos proporcionados por el país)"
"RP","Plaguicidas Uso","250","Francia","5157","Uso Agrícola","1331","Fungicidas y bactericidas","2012","2012","toneladas","27355","Qm","Datos oficiales de cuestionarios y/o fuentes nacionales y/o COMTRADE (datos proporcionados por el país)"
"RP","Plaguicidas Uso","250","Francia","5157","Uso Agrícola","1331","Fungicidas y bactericidas","2013","2013","toneladas","30228","Qm","Datos oficiales de cuestionarios y/o fuentes nacionales y/o COMTRADE (datos proporcionados por el país)"
"RP","Plaguicidas Uso","250","Francia","5157","Uso Agrícola","1331","Fungicidas y bactericidas","2014","2014","toneladas","34480","Qm","Datos oficiales de cuestionarios y/o fuentes nacionales y/o COMTRADE (datos proporcionados por el país)"
"RP","Plaguicidas Uso","250","Francia","5157","Uso Agrícola","1331","Fungicidas y bactericidas","2015","2015","toneladas","27328","Qm","Datos oficiales de cuestionarios y/o fuentes nacionales y/o COMTRADE (datos proporcionados por el país)"
"RP","Plaguicidas Uso","250","Francia","5157","Uso Agrícola","1331","Fungicidas y bactericidas","2016","2016","toneladas","31929","Qm","Datos oficiales de cuestionarios y/o fuentes nacionales y/o COMTRADE (datos proporcionados por el país)"
"RP","Plaguicidas Uso","250","Francia","5157","Uso Agrícola","1331","Fungicidas y bactericidas","2017","2017","toneladas","29789","Qm","Datos oficiales de cuestionarios y/o fuentes nacionales y/o COMTRADE (datos proporcionados por el país)"
"RP","Plaguicidas Uso","250","Francia","5157","Uso Agrícola","1331","Fungicidas y bactericidas","2018","2018","toneladas","39112","Qm","Datos oficiales de cuestionarios y/o fuentes nacionales y/o COMTRADE (datos proporcionados por el país)"
"RP","Plaguicidas Uso","250","Francia","5157","Uso Agrícola","1331","Fungicidas y bactericidas","2019","2019","toneladas","39112","F","Estimación FAO"
"RP","Plaguicidas Uso","380","Italia","5157","Uso Agrícola","1309","Insecticidas","1990","1990","toneladas","12074","F","Estimación FAO"
"RP","Plaguicidas Uso","380","Italia","5157","Uso Agrícola","1309","Insecticidas","1991","1991","toneladas","12279","F","Estimación FAO"
"RP","Plaguicidas Uso","380","Italia","5157","Uso Agrícola","1309","Insecticidas","1992","1992","toneladas","10336","F","Estimación FAO"
"RP","Plaguicidas Uso","380","Italia","5157","Uso Agrícola","1309","Insecticidas","1993","1993","toneladas","12344","F","Estimación FAO"
"RP","Plaguicidas Uso","380","Italia","5157","Uso Agrícola","1309","Insecticidas","1994","1994","toneladas","11739","F","Estimación FAO"
"RP","Plaguicidas Uso","380","Italia","5157","Uso Agrícola","1309","Insecticidas","1995","1995","toneladas","12233","F","Estimación FAO"
"RP","Plaguicidas Uso","380","Italia","5157","Uso Agrícola","1309","Insecticidas","1996","1996","toneladas","11932","F","Estimación FAO"
"RP","Plaguicidas Uso","380","Italia","5157","Uso Agrícola","1309","Insecticidas","1997","1997","toneladas","13493","Qm","Datos oficiales de cuestionarios y/o fuentes nacionales y/o COMTRADE (datos proporcionados por el país)"
"RP","Plaguicidas Uso","380","Italia","5157","Uso Agrícola","1309","Insecticidas","1998","1998","toneladas","11966","Qm","Datos oficiales de cuestionarios y/o fuentes nacionales y/o COMTRADE (datos proporcionados por el país)"
"RP","Plaguicidas Uso","380","Italia","5157","Uso Agrícola","1309","Insecticidas","1999","1999","toneladas","10572","Qm","Datos oficiales de cuestionarios y/o fuentes nacionales y/o COMTRADE (datos proporcionados por el país)"
"RP","Plaguicidas Uso","380","Italia","5157","Uso Agrícola","1309","Insecticidas","2000","2000","toneladas","8859","Qm","Datos oficiales de cuestionarios y/o fuentes nacionales y/o COMTRADE (datos proporcionados por el país)"
"RP","Plaguicidas Uso","380","Italia","5157","Uso Agrícola","1309","Insecticidas","2001","2001","toneladas","8874","Qm","Datos oficiales de cuestionarios y/o fuentes nacionales y/o COMTRADE (datos proporcionados por el país)"
"RP","Plaguicidas Uso","380","Italia","5157","Uso Agrícola","1309","Insecticidas","2002","2002","toneladas","10697","Qm","Datos oficiales de cuestionarios y/o fuentes nacionales y/o COMTRADE (datos proporcionados por el país)"
"RP","Plaguicidas Uso","380","Italia","5157","Uso Agrícola","1309","Insecticidas","2003","2003","toneladas","11021","Qm","Datos oficiales de cuestionarios y/o fuentes nacionales y/o COMTRADE (datos proporcionados por el país)"
"RP","Plaguicidas Uso","380","Italia","5157","Uso Agrícola","1309","Insecticidas","2004","2004","toneladas","12980","Qm","Datos oficiales de cuestionarios y/o fuentes nacionales y/o COMTRADE (datos proporcionados por el país)"
"RP","Plaguicidas Uso","380","Italia","5157","Uso Agrícola","1309","Insecticidas","2005","2005","toneladas","12838","Qm","Datos oficiales de cuestionarios y/o fuentes nacionales y/o COMTRADE (datos proporcionados por el país)"
"RP","Plaguicidas Uso","380","Italia","5157","Uso Agrícola","1309","Insecticidas","2006","2006","toneladas","12470","Qm","Datos oficiales de cuestionarios y/o fuentes nacionales y/o COMTRADE (datos proporcionados por el país)"
"RP","Plaguicidas Uso","380","Italia","5157","Uso Agrícola","1309","Insecticidas","2007","2007","toneladas","13567","Qm","Datos oficiales de cuestionarios y/o fuentes nacionales y/o COMTRADE (datos proporcionados por el país)"
"RP","Plaguicidas Uso","380","Italia","5157","Uso Agrícola","1309","Insecticidas","2008","2008","toneladas","13523","Qm","Datos oficiales de cuestionarios y/o fuentes nacionales y/o COMTRADE (datos proporcionados por el país)"
"RP","Plaguicidas Uso","380","Italia","5157","Uso Agrícola","1309","Insecticidas","2009","2009","toneladas","10930","Qm","Datos oficiales de cuestionarios y/o fuentes nacionales y/o COMTRADE (datos proporcionados por el país)"
"RP","Plaguicidas Uso","380","Italia","5157","Uso Agrícola","1309","Insecticidas","2010","2010","toneladas","10834","Qm","Datos oficiales de cuestionarios y/o fuentes nacionales y/o COMTRADE (datos proporcionados por el país)"
"RP","Plaguicidas Uso","380","Italia","5157","Uso Agrícola","1309","Insecticidas","2011","2011","toneladas","11795","Qm","Datos oficiales de cuestionarios y/o fuentes nacionales y/o COMTRADE (datos proporcionados por el país)"
"RP","Plaguicidas Uso","380","Italia","5157","Uso Agrícola","1309","Insecticidas","2012","2012","toneladas","10413","Qm","Datos oficiales de cuestionarios y/o fuentes nacionales y/o COMTRADE (datos proporcionados por el país)"
"RP","Plaguicidas Uso","380","Italia","5157","Uso Agrícola","1309","Insecticidas","2013","2013","toneladas","8713","Qm","Datos oficiales de cuestionarios y/o fuentes nacionales y/o COMTRADE (datos proporcionados por el país)"
"RP","Plaguicidas Uso","380","Italia","5157","Uso Agrícola","1309","Insecticidas","2014","2014","toneladas","9099","Qm","Datos oficiales de cuestionarios y/o fuentes nacionales y/o COMTRADE (datos proporcionados por el país)"
"RP","Plaguicidas Uso","380","Italia","5157","Uso Agrícola","1309","Insecticidas","2015","2015","toneladas","10437","Qm","Datos oficiales de cuestionarios y/o fuentes nacionales y/o COMTRADE (datos proporcionados por el país)"
"RP","Plaguicidas Uso","380","Italia","5157","Uso Agrícola","1309","Insecticidas","2016","2016","toneladas","10470","Qm","Datos oficiales de cuestionarios y/o fuentes nacionales y/o COMTRADE (datos proporcionados por el país)"
"RP","Plaguicidas Uso","380","Italia","5157","Uso Agrícola","1309","Insecticidas","2017","2017","toneladas","11407","Qm","Datos oficiales de cuestionarios y/o fuentes nacionales y/o COMTRADE (datos proporcionados por el país)"
"RP","Plaguicidas Uso","380","Italia","5157","Uso Agrícola","1309","Insecticidas","2018","2018","toneladas","10464","Qm","Datos oficiales de cuestionarios y/o fuentes nacionales y/o COMTRADE (datos proporcionados por el país)"
"RP","Plaguicidas Uso","380","Italia","5157","Uso Agrícola","1309","Insecticidas","2019","2019","toneladas","10810","Qm","Datos oficiales de cuestionarios y/o fuentes nacionales y/o COMTRADE (datos proporcionados por el país)"
"RP","Plaguicidas Uso","380","Italia","5157","Uso Agrícola","1331","Fungicidas y bactericidas","1990","1990","toneladas","66856","F","Estimación FAO"
"RP","Plaguicidas Uso","380","Italia","5157","Uso Agrícola","1331","Fungicidas y bactericidas","1991","1991","toneladas","56434","F","Estimación FAO"
"RP","Plaguicidas Uso","380","Italia","5157","Uso Agrícola","1331","Fungicidas y bactericidas","1992","1992","toneladas","59605","F","Estimación FAO"
"RP","Plaguicidas Uso","380","Italia","5157","Uso Agrícola","1331","Fungicidas y bactericidas","1993","1993","toneladas","59749","F","Estimación FAO"
"RP","Plaguicidas Uso","380","Italia","5157","Uso Agrícola","1331","Fungicidas y bactericidas","1994","1994","toneladas","52511","F","Estimación FAO"
"RP","Plaguicidas Uso","380","Italia","5157","Uso Agrícola","1331","Fungicidas y bactericidas","1995","1995","toneladas","53014","F","Estimación FAO"
"RP","Plaguicidas Uso","380","Italia","5157","Uso Agrícola","1331","Fungicidas y bactericidas","1996","1996","toneladas","43465","Qm","Datos oficiales de cuestionarios y/o fuentes nacionales y/o COMTRADE (datos proporcionados por el país)"
"RP","Plaguicidas Uso","380","Italia","5157","Uso Agrícola","1331","Fungicidas y bactericidas","1997","1997","toneladas","52638","Qm","Datos oficiales de cuestionarios y/o fuentes nacionales y/o COMTRADE (datos proporcionados por el país)"
"RP","Plaguicidas Uso","380","Italia","5157","Uso Agrícola","1331","Fungicidas y bactericidas","1998","1998","toneladas","53381","Qm","Datos oficiales de cuestionarios y/o fuentes nacionales y/o COMTRADE (datos proporcionados por el país)"
"RP","Plaguicidas Uso","380","Italia","5157","Uso Agrícola","1331","Fungicidas y bactericidas","1999","1999","toneladas","52616","Qm","Datos oficiales de cuestionarios y/o fuentes nacionales y/o COMTRADE (datos proporcionados por el país)"
"RP","Plaguicidas Uso","380","Italia","5157","Uso Agrícola","1331","Fungicidas y bactericidas","2000","2000","toneladas","52131","Qm","Datos oficiales de cuestionarios y/o fuentes nacionales y/o COMTRADE (datos proporcionados por el país)"
"RP","Plaguicidas Uso","380","Italia","5157","Uso Agrícola","1331","Fungicidas y bactericidas","2001","2001","toneladas","48221","Qm","Datos oficiales de cuestionarios y/o fuentes nacionales y/o COMTRADE (datos proporcionados por el país)"
"RP","Plaguicidas Uso","380","Italia","5157","Uso Agrícola","1331","Fungicidas y bactericidas","2002","2002","toneladas","62888","Qm","Datos oficiales de cuestionarios y/o fuentes nacionales y/o COMTRADE (datos proporcionados por el país)"
"RP","Plaguicidas Uso","380","Italia","5157","Uso Agrícola","1331","Fungicidas y bactericidas","2003","2003","toneladas","54074","Qm","Datos oficiales de cuestionarios y/o fuentes nacionales y/o COMTRADE (datos proporcionados por el país)"
"RP","Plaguicidas Uso","380","Italia","5157","Uso Agrícola","1331","Fungicidas y bactericidas","2004","2004","toneladas","52609","Qm","Datos oficiales de cuestionarios y/o fuentes nacionales y/o COMTRADE (datos proporcionados por el país)"
"RP","Plaguicidas Uso","380","Italia","5157","Uso Agrícola","1331","Fungicidas y bactericidas","2005","2005","toneladas","53511","Qm","Datos oficiales de cuestionarios y/o fuentes nacionales y/o COMTRADE (datos proporcionados por el país)"
"RP","Plaguicidas Uso","380","Italia","5157","Uso Agrícola","1331","Fungicidas y bactericidas","2006","2006","toneladas","45017","Qm","Datos oficiales de cuestionarios y/o fuentes nacionales y/o COMTRADE (datos proporcionados por el país)"
"RP","Plaguicidas Uso","380","Italia","5157","Uso Agrícola","1331","Fungicidas y bactericidas","2007","2007","toneladas","49634","Qm","Datos oficiales de cuestionarios y/o fuentes nacionales y/o COMTRADE (datos proporcionados por el país)"
"RP","Plaguicidas Uso","380","Italia","5157","Uso Agrícola","1331","Fungicidas y bactericidas","2008","2008","toneladas","50629","Qm","Datos oficiales de cuestionarios y/o fuentes nacionales y/o COMTRADE (datos proporcionados por el país)"
"RP","Plaguicidas Uso","380","Italia","5157","Uso Agrícola","1331","Fungicidas y bactericidas","2009","2009","toneladas","46433","Qm","Datos oficiales de cuestionarios y/o fuentes nacionales y/o COMTRADE (datos proporcionados por el país)"
"RP","Plaguicidas Uso","380","Italia","5157","Uso Agrícola","1331","Fungicidas y bactericidas","2010","2010","toneladas","42537","Qm","Datos oficiales de cuestionarios y/o fuentes nacionales y/o COMTRADE (datos proporcionados por el país)"
"RP","Plaguicidas Uso","380","Italia","5157","Uso Agrícola","1331","Fungicidas y bactericidas","2011","2011","toneladas","42726","Qm","Datos oficiales de cuestionarios y/o fuentes nacionales y/o COMTRADE (datos proporcionados por el país)"
"RP","Plaguicidas Uso","380","Italia","5157","Uso Agrícola","1331","Fungicidas y bactericidas","2012","2012","toneladas","36457","Qm","Datos oficiales de cuestionarios y/o fuentes nacionales y/o COMTRADE (datos proporcionados por el país)"
"RP","Plaguicidas Uso","380","Italia","5157","Uso Agrícola","1331","Fungicidas y bactericidas","2013","2013","toneladas","32292","Qm","Datos oficiales de cuestionarios y/o fuentes nacionales y/o COMTRADE (datos proporcionados por el país)"
"RP","Plaguicidas Uso","380","Italia","5157","Uso Agrícola","1331","Fungicidas y bactericidas","2014","2014","toneladas","36967","Qm","Datos oficiales de cuestionarios y/o fuentes nacionales y/o COMTRADE (datos proporcionados por el país)"
"RP","Plaguicidas Uso","380","Italia","5157","Uso Agrícola","1331","Fungicidas y bactericidas","2015","2015","toneladas","37916","Qm","Datos oficiales de cuestionarios y/o fuentes nacionales y/o COMTRADE (datos proporcionados por el país)"
"RP","Plaguicidas Uso","380","Italia","5157","Uso Agrícola","1331","Fungicidas y bactericidas","2016","2016","toneladas","34978","Qm","Datos oficiales de cuestionarios y/o fuentes nacionales y/o COMTRADE (datos proporcionados por el país)"
"RP","Plaguicidas Uso","380","Italia","5157","Uso Agrícola","1331","Fungicidas y bactericidas","2017","2017","toneladas","32517","Qm","Datos oficiales de cuestionarios y/o fuentes nacionales y/o COMTRADE (datos proporcionados por el país)"
"RP","Plaguicidas Uso","380","Italia","5157","Uso Agrícola","1331","Fungicidas y bactericidas","2018","2018","toneladas","31398","Qm","Datos oficiales de cuestionarios y/o fuentes nacionales y/o COMTRADE (datos proporcionados por el país)"
"RP","Plaguicidas Uso","380","Italia","5157","Uso Agrícola","1331","Fungicidas y bactericidas","2019","2019","toneladas","24114","Qm","Datos oficiales de cuestionarios y/o fuentes nacionales y/o COMTRADE (datos proporcionados por el país)"
"RP","Plaguicidas Uso","392","Japón","5157","Uso Agrícola","1309","Insecticidas","1990","1990","toneladas","27292","F","Estimación FAO"
"RP","Plaguicidas Uso","392","Japón","5157","Uso Agrícola","1309","Insecticidas","1991","1991","toneladas","27292","F","Estimación FAO"
"RP","Plaguicidas Uso","392","Japón","5157","Uso Agrícola","1309","Insecticidas","1992","1992","toneladas","27292","F","Estimación FAO"
"RP","Plaguicidas Uso","392","Japón","5157","Uso Agrícola","1309","Insecticidas","1993","1993","toneladas","27292","F","Estimación FAO"
"RP","Plaguicidas Uso","392","Japón","5157","Uso Agrícola","1309","Insecticidas","1994","1994","toneladas","27292","F","Estimación FAO"
"RP","Plaguicidas Uso","392","Japón","5157","Uso Agrícola","1309","Insecticidas","1995","1995","toneladas","27292","F","Estimación FAO"
"RP","Plaguicidas Uso","392","Japón","5157","Uso Agrícola","1309","Insecticidas","1996","1996","toneladas","27292","F","Estimación FAO"
"RP","Plaguicidas Uso","392","Japón","5157","Uso Agrícola","1309","Insecticidas","1997","1997","toneladas","27292","F","Estimación FAO"
"RP","Plaguicidas Uso","392","Japón","5157","Uso Agrícola","1309","Insecticidas","1998","1998","toneladas","27292","F","Estimación FAO"
"RP","Plaguicidas Uso","392","Japón","5157","Uso Agrícola","1309","Insecticidas","1999","1999","toneladas","27292","F","Estimación FAO"
"RP","Plaguicidas Uso","392","Japón","5157","Uso Agrícola","1309","Insecticidas","2000","2000","toneladas","27292","Qm","Datos oficiales de cuestionarios y/o fuentes nacionales y/o COMTRADE (datos proporcionados por el país)"
"RP","Plaguicidas Uso","392","Japón","5157","Uso Agrícola","1309","Insecticidas","2001","2001","toneladas","26227","Qm","Datos oficiales de cuestionarios y/o fuentes nacionales y/o COMTRADE (datos proporcionados por el país)"
"RP","Plaguicidas Uso","392","Japón","5157","Uso Agrícola","1309","Insecticidas","2002","2002","toneladas","23363","Qm","Datos oficiales de cuestionarios y/o fuentes nacionales y/o COMTRADE (datos proporcionados por el país)"
"RP","Plaguicidas Uso","392","Japón","5157","Uso Agrícola","1309","Insecticidas","2003","2003","toneladas","24795","Qm","Datos oficiales de cuestionarios y/o fuentes nacionales y/o COMTRADE (datos proporcionados por el país)"
"RP","Plaguicidas Uso","392","Japón","5157","Uso Agrícola","1309","Insecticidas","2004","2004","toneladas","22773","Qm","Datos oficiales de cuestionarios y/o fuentes nacionales y/o COMTRADE (datos proporcionados por el país)"
"RP","Plaguicidas Uso","392","Japón","5157","Uso Agrícola","1309","Insecticidas","2005","2005","toneladas","22680","Qm","Datos oficiales de cuestionarios y/o fuentes nacionales y/o COMTRADE (datos proporcionados por el país)"
"RP","Plaguicidas Uso","392","Japón","5157","Uso Agrícola","1309","Insecticidas","2006","2006","toneladas","24032","Qm","Datos oficiales de cuestionarios y/o fuentes nacionales y/o COMTRADE (datos proporcionados por el país)"
"RP","Plaguicidas Uso","392","Japón","5157","Uso Agrícola","1309","Insecticidas","2007","2007","toneladas","22549","Qm","Datos oficiales de cuestionarios y/o fuentes nacionales y/o COMTRADE (datos proporcionados por el país)"
"RP","Plaguicidas Uso","392","Japón","5157","Uso Agrícola","1309","Insecticidas","2008","2008","toneladas","21146","Qm","Datos oficiales de cuestionarios y/o fuentes nacionales y/o COMTRADE (datos proporcionados por el país)"
"RP","Plaguicidas Uso","392","Japón","5157","Uso Agrícola","1309","Insecticidas","2009","2009","toneladas","23403","Qm","Datos oficiales de cuestionarios y/o fuentes nacionales y/o COMTRADE (datos proporcionados por el país)"
"RP","Plaguicidas Uso","392","Japón","5157","Uso Agrícola","1309","Insecticidas","2010","2010","toneladas","20535","Qm","Datos oficiales de cuestionarios y/o fuentes nacionales y/o COMTRADE (datos proporcionados por el país)"
"RP","Plaguicidas Uso","392","Japón","5157","Uso Agrícola","1309","Insecticidas","2011","2011","toneladas","18848","Qm","Datos oficiales de cuestionarios y/o fuentes nacionales y/o COMTRADE (datos proporcionados por el país)"
"RP","Plaguicidas Uso","392","Japón","5157","Uso Agrícola","1309","Insecticidas","2012","2012","toneladas","19066","Qm","Datos oficiales de cuestionarios y/o fuentes nacionales y/o COMTRADE (datos proporcionados por el país)"
"RP","Plaguicidas Uso","392","Japón","5157","Uso Agrícola","1309","Insecticidas","2013","2013","toneladas","17548","Qm","Datos oficiales de cuestionarios y/o fuentes nacionales y/o COMTRADE (datos proporcionados por el país)"
"RP","Plaguicidas Uso","392","Japón","5157","Uso Agrícola","1309","Insecticidas","2014","2014","toneladas","18030","Qm","Datos oficiales de cuestionarios y/o fuentes nacionales y/o COMTRADE (datos proporcionados por el país)"
"RP","Plaguicidas Uso","392","Japón","5157","Uso Agrícola","1309","Insecticidas","2015","2015","toneladas","18188","Qm","Datos oficiales de cuestionarios y/o fuentes nacionales y/o COMTRADE (datos proporcionados por el país)"
"RP","Plaguicidas Uso","392","Japón","5157","Uso Agrícola","1309","Insecticidas","2016","2016","toneladas","16736","Qm","Datos oficiales de cuestionarios y/o fuentes nacionales y/o COMTRADE (datos proporcionados por el país)"
"RP","Plaguicidas Uso","392","Japón","5157","Uso Agrícola","1309","Insecticidas","2017","2017","toneladas","16948","Qm","Datos oficiales de cuestionarios y/o fuentes nacionales y/o COMTRADE (datos proporcionados por el país)"
"RP","Plaguicidas Uso","392","Japón","5157","Uso Agrícola","1309","Insecticidas","2018","2018","toneladas","17125","Qm","Datos oficiales de cuestionarios y/o fuentes nacionales y/o COMTRADE (datos proporcionados por el país)"
"RP","Plaguicidas Uso","392","Japón","5157","Uso Agrícola","1309","Insecticidas","2019","2019","toneladas","16336","Qm","Datos oficiales de cuestionarios y/o fuentes nacionales y/o COMTRADE (datos proporcionados por el país)"
"RP","Plaguicidas Uso","392","Japón","5157","Uso Agrícola","1331","Fungicidas y bactericidas","1990","1990","toneladas","40612","F","Estimación FAO"
"RP","Plaguicidas Uso","392","Japón","5157","Uso Agrícola","1331","Fungicidas y bactericidas","1991","1991","toneladas","40612","F","Estimación FAO"
"RP","Plaguicidas Uso","392","Japón","5157","Uso Agrícola","1331","Fungicidas y bactericidas","1992","1992","toneladas","40612","F","Estimación FAO"
"RP","Plaguicidas Uso","392","Japón","5157","Uso Agrícola","1331","Fungicidas y bactericidas","1993","1993","toneladas","40612","F","Estimación FAO"
"RP","Plaguicidas Uso","392","Japón","5157","Uso Agrícola","1331","Fungicidas y bactericidas","1994","1994","toneladas","40612","F","Estimación FAO"
"RP","Plaguicidas Uso","392","Japón","5157","Uso Agrícola","1331","Fungicidas y bactericidas","1995","1995","toneladas","40612","F","Estimación FAO"
"RP","Plaguicidas Uso","392","Japón","5157","Uso Agrícola","1331","Fungicidas y bactericidas","1996","1996","toneladas","40612","F","Estimación FAO"
"RP","Plaguicidas Uso","392","Japón","5157","Uso Agrícola","1331","Fungicidas y bactericidas","1997","1997","toneladas","40612","F","Estimación FAO"
"RP","Plaguicidas Uso","392","Japón","5157","Uso Agrícola","1331","Fungicidas y bactericidas","1998","1998","toneladas","40612","F","Estimación FAO"
"RP","Plaguicidas Uso","392","Japón","5157","Uso Agrícola","1331","Fungicidas y bactericidas","1999","1999","toneladas","40612","F","Estimación FAO"
"RP","Plaguicidas Uso","392","Japón","5157","Uso Agrícola","1331","Fungicidas y bactericidas","2000","2000","toneladas","40612","Qm","Datos oficiales de cuestionarios y/o fuentes nacionales y/o COMTRADE (datos proporcionados por el país)"
"RP","Plaguicidas Uso","392","Japón","5157","Uso Agrícola","1331","Fungicidas y bactericidas","2001","2001","toneladas","39993","Qm","Datos oficiales de cuestionarios y/o fuentes nacionales y/o COMTRADE (datos proporcionados por el país)"
"RP","Plaguicidas Uso","392","Japón","5157","Uso Agrícola","1331","Fungicidas y bactericidas","2002","2002","toneladas","34769","Qm","Datos oficiales de cuestionarios y/o fuentes nacionales y/o COMTRADE (datos proporcionados por el país)"
"RP","Plaguicidas Uso","392","Japón","5157","Uso Agrícola","1331","Fungicidas y bactericidas","2003","2003","toneladas","31521","Qm","Datos oficiales de cuestionarios y/o fuentes nacionales y/o COMTRADE (datos proporcionados por el país)"
"RP","Plaguicidas Uso","392","Japón","5157","Uso Agrícola","1331","Fungicidas y bactericidas","2004","2004","toneladas","29583","Qm","Datos oficiales de cuestionarios y/o fuentes nacionales y/o COMTRADE (datos proporcionados por el país)"
"RP","Plaguicidas Uso","392","Japón","5157","Uso Agrícola","1331","Fungicidas y bactericidas","2005","2005","toneladas","28526","Qm","Datos oficiales de cuestionarios y/o fuentes nacionales y/o COMTRADE (datos proporcionados por el país)"
"RP","Plaguicidas Uso","392","Japón","5157","Uso Agrícola","1331","Fungicidas y bactericidas","2006","2006","toneladas","28851","Qm","Datos oficiales de cuestionarios y/o fuentes nacionales y/o COMTRADE (datos proporcionados por el país)"
"RP","Plaguicidas Uso","392","Japón","5157","Uso Agrícola","1331","Fungicidas y bactericidas","2007","2007","toneladas","26199","Qm","Datos oficiales de cuestionarios y/o fuentes nacionales y/o COMTRADE (datos proporcionados por el país)"
"RP","Plaguicidas Uso","392","Japón","5157","Uso Agrícola","1331","Fungicidas y bactericidas","2008","2008","toneladas","25221","Qm","Datos oficiales de cuestionarios y/o fuentes nacionales y/o COMTRADE (datos proporcionados por el país)"
"RP","Plaguicidas Uso","392","Japón","5157","Uso Agrícola","1331","Fungicidas y bactericidas","2009","2009","toneladas","24235","Qm","Datos oficiales de cuestionarios y/o fuentes nacionales y/o COMTRADE (datos proporcionados por el país)"
"RP","Plaguicidas Uso","392","Japón","5157","Uso Agrícola","1331","Fungicidas y bactericidas","2010","2010","toneladas","22341","Qm","Datos oficiales de cuestionarios y/o fuentes nacionales y/o COMTRADE (datos proporcionados por el país)"
"RP","Plaguicidas Uso","392","Japón","5157","Uso Agrícola","1331","Fungicidas y bactericidas","2011","2011","toneladas","21023","Qm","Datos oficiales de cuestionarios y/o fuentes nacionales y/o COMTRADE (datos proporcionados por el país)"
"RP","Plaguicidas Uso","392","Japón","5157","Uso Agrícola","1331","Fungicidas y bactericidas","2012","2012","toneladas","23528","Qm","Datos oficiales de cuestionarios y/o fuentes nacionales y/o COMTRADE (datos proporcionados por el país)"
"RP","Plaguicidas Uso","392","Japón","5157","Uso Agrícola","1331","Fungicidas y bactericidas","2013","2013","toneladas","22825","Qm","Datos oficiales de cuestionarios y/o fuentes nacionales y/o COMTRADE (datos proporcionados por el país)"
"RP","Plaguicidas Uso","392","Japón","5157","Uso Agrícola","1331","Fungicidas y bactericidas","2014","2014","toneladas","22700","Qm","Datos oficiales de cuestionarios y/o fuentes nacionales y/o COMTRADE (datos proporcionados por el país)"
"RP","Plaguicidas Uso","392","Japón","5157","Uso Agrícola","1331","Fungicidas y bactericidas","2015","2015","toneladas","22856","Qm","Datos oficiales de cuestionarios y/o fuentes nacionales y/o COMTRADE (datos proporcionados por el país)"
"RP","Plaguicidas Uso","392","Japón","5157","Uso Agrícola","1331","Fungicidas y bactericidas","2016","2016","toneladas","21235","Qm","Datos oficiales de cuestionarios y/o fuentes nacionales y/o COMTRADE (datos proporcionados por el país)"
"RP","Plaguicidas Uso","392","Japón","5157","Uso Agrícola","1331","Fungicidas y bactericidas","2017","2017","toneladas","21700","Qm","Datos oficiales de cuestionarios y/o fuentes nacionales y/o COMTRADE (datos proporcionados por el país)"
"RP","Plaguicidas Uso","392","Japón","5157","Uso Agrícola","1331","Fungicidas y bactericidas","2018","2018","toneladas","21461","Qm","Datos oficiales de cuestionarios y/o fuentes nacionales y/o COMTRADE (datos proporcionados por el país)"
"RP","Plaguicidas Uso","392","Japón","5157","Uso Agrícola","1331","Fungicidas y bactericidas","2019","2019","toneladas","21845","Qm","Datos oficiales de cuestionarios y/o fuentes nacionales y/o COMTRADE (datos proporcionados por el país)"
